artistGNDId,artistName (preferred),placeOfBirth,birth year,num_works
100076262,"Caylus, Anne Claude Philippe de",Paris,1692,24
100104401,"Dequevauviller, François",Abbeville,1745,1
100648916,"Collas, Achille",Paris,1795,3
100786294,"Porret, Henri Désiré",Lille,1800,6
100811833,"Kraus, Johann Ulrich",Augsburg,1655,48
100811957,Anonym,Haarlem,1537,1
100811957,"Anonym, niederländisch, 16. Jahrhundert",Haarlem,1501,17
100811957,"Cleve III., Hendrik van",Haarlem,1525,2
100811957,"Galle, Philippe",Haarlem,1537,56
1011377616,"Loutrel, Victor Jean Baptiste",Antwerpen,1821,1
1011425661,"Thomassin, Simon Henri",Paris,1687,10
1011425890,"Surugue, Louis",Paris,1686,5
101206003,"Heiden, Jan van der, de Oude",Gorinchem,1637,1
101211376,"Jode, Pieter de",Antwerpen,1570,24
101400268,"Gilbert, Achille Isidore",Paris,1828,1
1014141672,"Joyau, Amédée",Nantes,1871,3
1015473474,"Beltrand, Jacques",Paris,1874,1
1015704646,"Vidal, Pierre",Tours,1849,14
1015991920,"Halbou, Louis Michel",Paris,1730,2
1017908443,"Pluth, Caspar",Prag,1766,1
101911629,"Delafosse, Jean-Baptiste",Paris,1721,2
1019536659,"Schwemminger, Joseph",Wien,1804,1
1019741066,"Anonym, französisch, 17. Jahrhundert",Caen,1601,1
1019741066,"Lasne, Michel",Caen,1590,7
1019743069,"Gantrel, Etienne",Toul (Dép.Meurthe-et-Moselle) (od. Metz?),1645,1
1019745665,"Pesne, Jean",Rouen,1623,9
1019747315,"Nijmegen, Dionys van",Rotterdam,1705,1
101975057X,"Simon, Pierre",Paris,1635,1
1019756551,"Woollett, William",Maidstone,1735,2
1019758406,"Vivarès, François",Lodève,1709,3
1020481161,"Schalch, Johann Jakob",Schaffhausen,1723,1
1021696404,"Ambrosi, Francesco",Bassano del Grappa,1751,1
1022471392,"Cochin, Louise-Madeleine",Paris,1686,2
102334331,"Anonym, niederländisch, 17. Jahrhundert",Leiden,1601,1
102334331,"Swanenburg, Willem",Leiden,1580,9
102359229,"Anonym, deutsch, 15. Jahrhundert",Straßburg,1401,3
1023881780,"Stimmer, Hans Christoffel",Schaffhausen,1549,8
1023896532,"Quesnel, François",Edinburgh,1543,1
102430896,Anonym,Köln,1500,8
102430896,"Anonym, deutsch, 16. Jahrhundert",Köln,1501,6
102430896,"Binck, Jakob",Köln,1500,114
102430896,Monogrammist IVM,Köln,1501,1
102430896,Monogrammist RE,Köln,1501,1
102431108,"Basan, François",Paris,1723,16
102431655,"Canot, Pierre Charles",Paris,1710,15
102433275,"Bergeret, Pierre Nolasque",Bordeaux,1782,3
102440263,"Boucher Desnoyers, Auguste Gaspard Louis",Paris,1779,12
1024702502,"Gerardin, Auguste",Mülhausen,1849,2
1024751309,"Hoogstraten, Dirck",Antwerpen,1595,9
1024934322,"Plattner, Franz",Zirl,1823,1
1024988333,"Picart, Etienne",Paris,1632,4
102508542,"Hopfer, Lambert",Augsburg,1471,26
102508542,Monogrammist MTR,Augsburg,1501,1
102508569,Anonym,Augsburg,1500,1
102508569,"Hopfer, Hieronymus",Augsburg,1500,34
102508585,"Hopfer, Daniel",Kaufbeuren,1470,18
1025544765,"Schwemminger, Heinrich",Wien,1803,6
10256194X,"Liefrinck, Hans",Augsburg,1518,2
1025643178,"Tardieu, Nicolas Henri",Paris,1674,12
102573166,"Beaumont, Édouard de",Lannion,1821,48
102675772X,"Stefanoni, Pietro",Vicenza,1589,1
1027625150,"Feuchère, Jean-Jacques",Paris,1807,2
103084053,Anonym,Bad Grönenbach,1739,11
103084053,"Anonym, deutsch, 18. Jahrhundert",Bad Grönenbach,1701,2
103084053,"Anonym, deutsch, 19. Jahrhundert",Bad Grönenbach,1801,1
103084053,"Prestel, Johann Gottlieb",Bad Grönenbach,1739,48
103085432,"Poelenburg, Cornelis van",Utrecht,1586,2
1031177477,"Belliard, Zéphirin Félix Jean Marius",Marseille,1798,4
1031197869,"Chenu, Pierre",Paris,1730,2
103137297,Anonym,Görlitz,1554,1
103137297,"Scharffenberg, Georg",Görlitz,1554,1
103141693,"Bock, Christoph Wilhelm",Nürnberg,1755,2
1031500545,"Lignon, Etienne Frédéric",Paris,1779,5
1031504125,"Alix, Pierre Michel",Paris,1762,8
1032055324,"Bourgeois, Constant",Guiscard,1767,41
1033378852,"Flipart, Jean Jacques",Paris,1719,2
1033471461,"Poilly, François de",Paris,1671,2
1033734438,"Numan, Hermanus",Groningen,1744,1
1033795224,"Argent, Adam Ludwig d'",Stuttgart,1748,1
1033904031,"Lançon, Auguste André",Saint-Claude,1836,17
1034026275,"Sabatier, Léon",Paris,1827,1
1034295136,"Geuder, Hans",Nürnberg-Reichelsdorf,1814,1
1034346784,"Oleszczyński, Antoni",Krasnystaw,1794,1
1034660578,Anonym,Preßburg,1539,1
1034660578,"Brun, Franz Isaac",Preßburg,1539,54
1035269023,"Bass, Johannes",Lübeck,1600,1
1035326191,"Ouvrier, Jean",Paris,1725,2
1035461919,"Viel, Pierre",Paris,1755,1
1035579944,"Marlet, Jean Henri",Autun,1770,1
1036277275,"Plattenberg, Matthieu van",Antwerpen,1608,13
1036384004,"Portier, Adolphe",Paris,1820,1
1036384004,"Riffaut, Adolphe Pierre",Paris,1821,1
1036535533,"Courboin, Franc̜ois",Chaumont-Porcien,1865,2
1036630110,Anonym,Amsterdam,1508,3
1036630110,"Anonym, deutsch, 16. Jahrhundert",Amsterdam,1501,1
1036630110,"Anonym, niederländisch, 16. Jahrhundert",Amsterdam,1501,3
1036630110,Meister A C,Amsterdam,1508,62
1036630110,Monogrammist S,Amsterdam,1508,1
1036634302,"Llanta, Jacques François Gaudérique",Perpignan,1807,1
1036756556,"Beyer, Charles",Meißen,1792,1
1036868575,"Vigneron, Pierre-Roch",Vosnon,1789,5
1037094409,"Gautier d’Agoty, Jean-Baptiste",Paris,1740,2
1037240464,"Audran, Jean",Lyon,1667,10
103728254X,"Clouwet, Peeter",Antwerpen,1629,1
1037332962,"Spilman, Hendricus",Amsterdam,1721,1
1037339835,"Ingouf, Pierre Charles",Paris,1746,3
1037385446,"Macret, Charles François Adrien",Abbeville,1751,1
1037458052,"Abel-Truchet, Louis",Versailles,1857,6
103750746,"Goeree, Jan",Middelburg,1670,1
1037567692,"Mayer, Lucas",Augsburg,1550,6
1037695119,"Delen, Dirck van",Heusden (Nordbrabant),1605,2
1037838076,"Mey, Rafael de",Köln,1580,3
1037851226,"Teply, Joseph",Prag,1814,2
1037992652,"Deifel, Johann Leonhard",Nürnberg,1812,1
1038083508,"Heilbuth, Ferdinand",Hamburg,1826,2
1038357195,"Bovinet, Edme",Chaumont (Haute-Marne),1767,1
1038387183,"Brun, Franz",Straßburg,1579,15
104045469,"Schley, Jacob van der",Amsterdam,1715,13
104058250,"Verkolje, Nicolaas",Delft,1673,2
104114614,"Wierix II, Antonius",Amsterdam,1555,4
104144769,"Desrochers, Étienne Jehandier",Lyon,1668,2
104148187,"Boilly, Julien Léopold",Paris,1796,8
104160802,"Schmidt, Georg Friedrich",Schönerlinde bei Berlin,1712,2
1042042489,"Roger, Barthélemy Joseph Fulcran",Lodève,1770,4
104227818,"Noël, Alphonse Léon",Paris,1807,9
104242337,"Manuel, Hans Rudolf",Erlach (Kanton Bern),1525,1
104243430,"Galle, Cornelis",Antwerpen,1576,4
104243473,"Leu, Thomas de",Paris,1555,1
1042513325,"Tilliard, Jean-Baptiste",Paris,1740,9
104277009,"Boissard, Jean Jacques",Besançon,1528,1
1043022996,"Holsteijn, Pieter",Haarlem,1590,1
104303875,"David, François Anne",Paris,1741,3
104304243,"Verhelst, Aegid",Ettal,1733,2
1043070591,"Wilborn, Nicolaus",Lübeck,1501,18
104310499,"Anonym, französisch, 18. Jahrhundert",Langres,1701,1
104364815,"Français, François Louis",Plombières,1814,37
104372923,"Tanjé, Pieter",Bolsward,1706,5
104377852,"Fokke, Simon",Amsterdam,1712,1
1043782435,"Kolb, August",Heidingsfeld,1816,1
1044202602,"Coupé, Antoine Jean Baptiste",Paris,1784,7
104430698X,"Löwensohn, Gerson",Fürth (Bayern),1817,1
1044592869,"Martszen, Jan",Haarlem,1610,1
1045159832,"Goettich, Paul",Augsburg,1586,1
1045327565,"Cotta, Heinrich",Rudolstadt,1791,1
1045412228,"Le Lorrain, Louis-Joseph",Paris,1715,1
1046391720,"Simonet, Jean-Baptiste Blaise",Paris,1742,2
1047112019,"Bléry, Eugène",Fontainebleau,1805,179
1047205033,"Aubry-Lecomte, Hyacinthe-Louis-Victor-Jean-Baptiste",Nizza,1787,2
1047574144,"Duclos, Antoine Jean",Paris,1742,2
1047968142,"Descourtis, Charles Melchior",Paris,1753,7
1049297334,"Conscience, Francis",Besançon,1794,8
104940730X,"Liotard, Jean-Michel",Genf,1702,1
1049816668,"Cave, François Morellon de la",Den Haag,1696,1
1050206363,"Pollet, Victor Florence",Paris,1811,1
1050425057,"Bourgeois de la Richardiere, Anton Achille",Polná,1777,1
1050425472,"Blot, Maurice",Paris,1753,2
1050468910,"François, Alphonse",Paris,1814,4
1050472047,"Geille, Amédé Felix Barthélemy",La-Ciotat,1802,1
1050530195,"Vallot, Philippe Joseph Auguste",Wien,1796,2
1050549384,"Leguay, Eugène",Paris,1822,1
1050561422,"Hédouin, Edmond",Boulogne-sur-Mer,1820,1
1050695348,"Lafitte, Louis",Paris,1770,1
1050695348,"Simon, Jean Pierre",Paris,1764,1
1050829786,"Fragonard, Théophile",Paris,1806,1
1051486335,"Gauchard, Jean",Paris,1825,1
1051538955,"Tardieu, Jacques-Nicholas",Paris,1716,4
1051651840,"Kerkhoff, Daniël",Amsterdam,1766,2
1051994926,"Dupuis, Charles",Paris,1685,1
1052291805,"Colin, Alexandre-Marie",Paris,1798,10
1052872549,"Leyser, Ernst Polycarp von",Dresden,1792,1
1053307578,"Moyreau, Jean",Orléans,1690,1
1053981732,"Morse, Auguste Achille",Paris,1801,1
1053990588,"Bellel, Jean-Joseph",Paris,1816,1
1054943370,"Poilly, Jean-Baptiste de",Paris,1669,10
1055255176,"Réville, Jean-Baptiste",Paris,1767,1
1055267409,"Patas, Jean-Baptiste",Paris,1748,1
1055478736,"Demarteau, Gilles-Antoine",Lüttich,1750,3
1055483373,"Flameng, François",Paris,1856,4
1055544798,Anonym,Delft,1517,1
1055603360,"Goossens, Jan Baptist",Antwerpen,1651,6
1056517204,"Daubigny, Karl",Paris,1846,1
1057765406,"Audran, Benoît 2",Paris,1698,6
1057765929,Anonym,Lyon,1811,1
1057765929,"Anonym, französisch, 19. Jahrhundert",Lyon,1801,2
1057765929,"Casati, A.",Lyon,1784,2
1057767247,"Girardet, Paul",Neuchâtel,1821,1
1057769878,"Vendramini, Giovanni",Bassano del Grappa,1769,1
1063142644,"Fremy, Jacques Marie Noël",Paris,1782,1
106471062X,"Desperet, Auguste",Lyon,1804,2
1065633092,Zoan Andrea,Mantua,1424,6
1066349363,"Mander, Karel van",Delft,1609,1
1067955577,"Nitot, Michel",Chézy-sur-Marne,1759,2
1069411140,"Danse, Louise",Brüssel,1865,1
1069543888,"Crépy, Louis",Paris,,3
1071565168,"Desplaces, Louis",Paris,1682,14
1072318164,"Lorraine, Jean-Baptiste de",Paris,1737,2
1072529262,"Rajon, Paul",Dijon,1842,53
1073303780,"Battem, Gerrit",Rotterdam,1636,1
1073332284,"Klotz, Valentin",Maastricht,1650,2
108053895X,"Bouzonnet Stella, Antoine",Lyon,1637,1
1085656845,"Masson, Alphonse Charles",Paris,1814,3
1085662985,"Aristide, Louis",Toul,1815,5
1089414307,"Himely, Sigismond",La Neuveville,1801,2
1089456840,"Larmessin, Nicolas de",Paris,1684,24
108947914X,"Marin-Lavigne, Louis Stanislas",Paris,1797,2
1089540558,"Anonym, französisch, 18. Jahrhundert",Paris,1701,1
1089540558,"Rousseau, Jean François",Paris,1740,1
1089656378,"Parizeau, Philippe Louis",Paris,1740,70
1089797494,"Le Sueur, Nicolas",Paris,1691,9
1089871864,"Trière, Philippe",Paris,1756,3
1089889801,"Aveline, François-Antoine",Paris,1718,1
1089890257,"Voyez, François",Abbeville,1746,1
1089891024,"Ponce, Marguerite",Paris,1745,1
1089891156,"Martinasie, Pieter Franciscus",Antwerpen,1729,1
109065619X,"Duvivier, Ignace",Rians (Var),1758,19
1090657730,"Legrand, Louis Claude",Paris,1723,3
1093243015,"Katsukawa, Shunʼei",Tokio,1762,13
1097781372,"Maignan, Albert",Beaumont-sur-Sarthe,1845,2
1098220455,"Wet, Jacob Willemsz de",Haarlem,1610,6
1100740139,"Sorrieu, Frédéric",Paris,1807,1
1104403269,"Andrieu, Pierre",Fenouillet (Département Haute-Garonne),1821,6
1105059855,"Andrieux, Clément-Auguste",Paris,1829,2
111017378,Anonym,Lauban,1515,1
111017378,Monogrammist CB,Lauban,1501,1
111017378,"Scharffenberg, Crispin",Lauban,1515,29
1110903197,"Mauduit, Charles Louis Victor",Rouen,1788,1
1111809364,"Thévenin, Jean Charles",Rom,1819,2
1117244504,"Torii, Kiyonobu I",Osaka,1664,2
1122606370,"Pauquet, Jean Louis Charles",Paris,1759,1
1122748809,"Prudhomme, Hippolyte",Paris,1793,1
1124626409,"Stroebel, Johannes Anthonie Balthasar",Den Haag,1821,1
1127149733,"Dupré, Daniel",Amsterdam,1752,1
1127788922,"Elle, Louis",Paris,1612,10
1129895408,"Jeaurat, Edme",Vermenton,1688,10
1133515304,"Lecomte, Paul",Paris,1842,3
1135681295,"Does, Jacob van der",Amsterdam,1623,1
1136444610,"Pirodon, Eugène Louis",Grenoble,1824,12
1140536648,"François, Jules",Paris,1809,1
1141801280,"Dujardin, Paul Rodolphe Joseph",Lille,1843,1
1145070302,"Heer, Willem de",Leeuwarden,1637,1
1146679947,"Avril, Jean Jaques",Paris,1744,2
1148117067,"Chéreau, Jacques",Blois,1688,2
115064804X,"Pichot Gironés, Ramón Antonio",Barcelona,1871,1
1153229943,"Godin, Henri-Joseph",Seraing,1747,1
115389385,"Mayer, Carl",Nürnberg,1798,1
1154947270,"Gillberg, Jacob",Län Värmland,1724,2
11550656X,"Helman, Isidore-Stanislas",Lille,1743,6
115603808,"Laurens, Jules",Carpentras,1825,39
115648356,"Lasteyrie, Charles de",Brive-la-Gaillarde,1759,5
115750759X,"Bronzetti, Carlo Giuseppe",Roverè della Luna,1788,2
115758240,Anonym,Altötting,1782,1
115758240,"Strixner, Johann Nepomuk",Altötting,1782,119
115813535,"Collaert, Jan",Antwerpen,1566,7
115858679,"Anonym, deutsch, 16. Jahrhundert",Reutlingen,1501,2
115866655,"Anonym, deutsch, 18. Jahrhundert",Nancy,1701,1
115866655,"Isabey, Jean Baptiste",Nancy,1767,21
1159731004,"Detouche, Henry",Paris,1854,1
116006048,"Anonym, englisch, 19. Jahrhundert",Stollberg/Erzgeb.,1801,5
116057661,"Delaroche, Paul",Paris,1797,4
116057661,"Delaunois, Pierre-Denis-Marie",Paris,1783,1
116057661,"Rousseaux, Émile",Paris,1831,1
116088451,"Anonym, französisch, 19. Jahrhundert",Paris,1801,1
116088451,"Devéria, Achille",Paris,1800,160
116118458,"Bendixen, Siegfried Detlev",Kiel,1786,1
11612573X,"Kellerhoven, Moritz",Altenrath,1758,1
116128844,"Petrak, Alois",Königseck (Böhmen),1811,4
116130709,"Berger, D.",Berlin,1744,1
116179694,"Pieneman, Jan Willem",Abcoude,1779,1
116187042,"Kirchner, Johann Jakob",Nürnberg,1788,1
116239689,"Abel de Pujol, Alexandre Denis",Valenciennes,1785,4
116246782,"Plüddemann, Hermann",Kolberg,1809,1
116282940,"Prestel, Maria Katharina",Nürnberg,1747,5
116302860,"König, Gustav",Coburg,1808,5
1163347523,"Thouvenin, Jean",Paris,1765,4
1163352020,"Kobo, Shunman",Tokio,1757,1
116364084,"Rauch, Karl",Darmstadt,1804,1
116391820,"Haid, Johann Elias",Augsburg,1739,1
116415991,"Reindel, Albert",Nürnberg,1784,4
116430907,"Calame, Alexandre",Vevey,1810,463
116438274,"Garnier, François",Lormes,1800,1
116492007,"Charlemont, Eduard",Wien,1848,1
116501065,"Anonym, französisch, 19. Jahrhundert",Offenburg,1801,1
116510544,"Harzen, Ernst",Altona,1790,1
116541989,"Geißler, Friedrich Johann Martin",Nürnberg,1778,1
1165602059,"Masquelier, Nicolas François Joseph",Flers (Nord),1760,1
116586761,"Flachenecker, Ferdinand Wolfgang",Zirndorf,1792,2
116602821,"Fleischmann, Friedrich",Nürnberg,1791,6
116608404,"Roqueplan, Camille",Mallemort,1802,38
11661451X,"Geyser, Christian Gottlieb",Görlitz,1742,1
116656034,"Heim, François Joseph",Belfort,1787,1
1166576817,"Desvachez, David",Valenciennes,1822,2
116665165,"Loutrel, Victor Jean Baptiste",Paris,1821,1
116665165,"Soulange-Teissier, Louis Emmanuel",Paris,1814,1
1167430271,"Romeyn, Willem",Haarlem,1624,1
1167550714,"Negelen, Joseph Mathias",Porrentruy,1792,2
116756802,"Herrmann, Paul",München,1864,16
116848553,"Léandré, Charles",Champsecret,1862,3
116862297,"Meil, Johann Wilhelm",Altenburg (Thüringen),1733,13
116884800,"Leisnier, Nicolás Auguste",Paris,1787,3
116908327,"Gubitz, Friedrich W.",Leipzig,1786,3
116909072,"Gudin, Théodore",Paris,1802,20
116961678,"Levesque, Pierre Ch.",Paris,1736,1
116985305,"Neuville, Alphonse Marie de",Saint-Omer (Departement Pas-de-Calais),1835,5
117049735,"Jacquemart, Jules Ferdinand",Paris,1837,164
117051764,"Huet, Paul",Paris,1803,37
117086177,"Loedel, Heinrich",Hameln,1798,1
117122726,"Coudrey, R. du",Paris,1851,1
117142832,"Mordant, Daniel",Quimper,1853,2
117151858,"Carey, Charles Philippe Auguste",Offenbach am Main,1824,1
117151858,Garnier,Offenbach am Main,1801,1
117151858,"Johannot, Tony",Offenbach am Main,1803,25
117151858,"Riffaut, Adolphe Pierre",Offenbach am Main,1821,2
117183016,"Buser, Friedrich",Aarau,1797,2
117258709,"Steinla, Moritz",Steinlah bei Seesen,1791,1
117316709,"Lunteschütz, Jules",Besancon,1822,11
117340898,"Anonym, französisch, 19. Jahrhundert",Herserange,1801,1
117340898,"Valério, Theodore",Herserange,1819,194
11738027X,"Wilder, Georg Christoph",Nürnberg,1797,3
1174539836,"Zeune, Johann Conrad",Sankt Georgen (Bayreuth),1764,3
117500518,"Anonym, 19. Jahrhundert",Mülhausen,1801,1
117500518,"Anonym, französisch, 19. Jahrhundert",Mülhausen,1801,1
117500518,"Bouteiller, Louise",Mülhausen,1783,4
117500518,"Dejuine, Joseph Noël",Mülhausen,1771,1
117500518,"Deseynes, A.",Mülhausen,1788,2
117500518,"Dupressoir, François Joseph",Mülhausen,1800,1
117500518,"Engelmann, Godefroy",Mülhausen,1788,7
117500518,"Gudin, Louis",Mülhausen,1799,1
117500518,"Jacomin, Jean-Marie",Mülhausen,1789,1
117500518,"Villeneuve, Julien Vallou de",Mülhausen,1795,1
117500518,"Villeneuve, Louis Jules Frédéric",Mülhausen,1796,2
117500518,"Weber, Antoine Jean",Mülhausen,1797,1
117500518,"du Bois de Perray, Henri Jean",Mülhausen,1801,1
117512370,"Flameng, Leopold",Brüssel,1831,124
11751716X,"Henriquel-Dupont, Louis-Pierre",Paris,1797,4
117520896,"Forster, François",Le Locle,1790,6
117526894,"Soulange-Teissier, Louis Emmanuel",Berlin,1814,1
11753207X,"Richomme, Joseph Théodore",Paris,1785,4
117545228,"Girardet, Eduard",Le Locle,1819,2
117545236,"Girardet, Karl",Le Locle,1813,2
117570427,"Meynier, Charles",Paris,1768,2
11758973X,"Bervic, Charles-Clement",Paris,1756,5
117590304,"Biard, François-Auguste",Lyon,1798,2
11759038X,"Bida, Alexandre",Toulouse,1813,1
117592757,"Mueller, Johann Gotthard",Bernhausen <Fildern>,1747,1
117601624,"Morgenstern, Johann Friedrich",Frankfurt am Main,1777,1
117607703,"Ouvrié, Pierre Justin",Paris,1806,3
117612871,"Lebas, Louis Hippolyte",Paris,1782,1
117615633,"Lehmann, Henri",Ottensen,1814,1
117622699,"Dauzats, Adrien",Bordeaux,1804,1
117637327,"Dien, Claude-Marie-François",Paris,1787,4
117640395,"Lepoittevin, Eugène-Modeste-Edmond",Paris,1806,8
117651311,"Chaplin, Charles",Les Andelys,1825,46
117668885,"Audouin, Pierre",Paris,1768,1
11768483X,"Paris, Pierre Adrien",Besançon,1745,3
1176979914,"Muret, Jean-Baptiste",Versailles,1795,1
117768006,"Beauvais, Nicolas Dauphin de",Paris,1687,2
1178348814,"Flipart, Joseph",Paris,1721,1
1179403304,"Lefman, Ferdinand",Paris,1840,1
1180080726,"Dufour, Pierre-Charles-Nicolas",Abbeville,1725,1
118064657,"Sadeler, Ægidius",Antwerpen,1570,18
118167375,Anonym,Fulda,1495,1
118167375,"Anonym, deutsch, 16. Jahrhundert",Fulda,1501,1
118167375,"Brosamer, Hans",Fulda,1495,69
118167472,"Broeck, Barbara van den",Antwerpen,1558,1
118167472,"Broeck, Crispin van den",Antwerpen,1524,1
118167472,"Ditmar, Johannes",Antwerpen,1533,1
1182578705,Anonym,Düsseldorf,1688,1
1182578705,"Douven, Bartholomeus",Düsseldorf,1688,1
118501755,"Aldegrever, Heinrich",Paderborn,1502,287
118501755,Anonym,Paderborn,1502,5
118501755,"Anonym, deutsch, 16. Jahrhundert",Paderborn,1501,10
118501755,Meister mit den Pferdeköpfen,Paderborn,1502,2
118501755,Monogrammist AGI,Paderborn,1480,1
118501755,Monogrammist BH,Paderborn,1501,1
118501755,Monogrammist CV,Paderborn,1501,1
118501755,Monogrammist ID,Paderborn,1501,1
118501755,"Sablon, Pierre",Paderborn,1584,1
118502239,"Altdorfer, Erhard",Regensburg,1480,1
118502239,"Anonym, deutsch, 16. Jahrhundert",Regensburg,1501,2
118502573,"Amman, Jost",Zürich,1539,62
118502573,"Anonym, deutsch, 18. Jahrhundert",Zürich,1701,2
118502573,Monogrammist HF,Zürich,1501,3
118503871,"Anonym, deutsch, 16. Jahrhundert",Mailand,1501,1
118506188,"Baldung Grien, Hans",Schwäbisch Gmünd,1484,30
118506188,Monogrammist GB,Schwäbisch Gmünd,1600,1
118507826,"Beardsley, Aubrey",Brighton,1872,1
118508210,"Beckmann, Max",Leipzig,1884,2
118508326,Anonym,Nürnberg,1500,72
118508326,"Anonym, deutsch, 16. Jahrhundert",Nürnberg,1501,34
118508326,"Beham, Sebald",Nürnberg,1500,393
118508326,Monogrammist ATF,Nürnberg,1501,1
118508326,Monogrammist BSB,Nürnberg,1500,1
118508326,Monogrammist CG III.,Nürnberg,1529,1
118508326,Monogrammist HD,Nürnberg,1500,1
118508326,Monogrammist R.K.F.,Nürnberg,1500,1
118508326,Monogrammist RB,Nürnberg,1501,1
118512323,"Bodmer, Karl",Zürich,1809,2
118513281,"Bonnard, Pierre",Fontenay-aux-Roses,1867,96
118514474,"Anonym, deutsch, 16. Jahrhundert",Straßburg,1501,2
118514504,"Braque, Georges",Argenteuil,1882,2
118515195,"Breu, Jörg",Augsburg,1480,5
118515209,"Breu, Jörg",Augsburg,1510,3
11851640X,"Bry, Johann Theodor de",Straßburg,1561,17
118516418,"Bry, Theodor de",Lüttich,1528,72
11851850X,"Anonym, 17. Jahrhundert",Nancy,1601,40
11851850X,"Anonym, französisch, 17. Jahrhundert",Nancy,1601,65
11851850X,"Anonym, niederländisch, 17. Jahrhundert",Nancy,1601,2
11851850X,"Callot, Jacques",Nancy,1592,980
118519034,"Fatoure, Pierre",Mailand,1550,1
118519212,"Carpeaux, Jean-Baptiste",Valenciennes,1827,4
118519255,"Carracci, Annibale",Bologna,1560,2
118519476,"Cassatt, Mary",Allegheny,1844,7
118519891,Anonym,Wipfeld,1459,1
118519980,"Chagall, Marc",Witebsk,1887,6
118520512,"Chodowiecki, Daniel",Danzig,1726,32
118522140,"Corinth, Lovis",Tapiau,1858,3
118522256,"Anonym, französisch, 19. Jahrhundert",Paris,1801,1
118522256,"Chauvel, Théophile Narcisse",Paris,1831,1
118522256,"Corot, Jean-Baptiste-Camille",Paris,1796,25
118522450,"Courbet, Gustave",Ornans,1819,3
118522582,Anonym,Kronach,1472,1
118522582,"Anonym, deutsch, 16. Jahrhundert",Kronach,1501,3
118522582,"Cranach, Lucas, der Ältere",Kronach,1472,79
118522582,Monogrammist MV,Kronach,1501,1
118522590,"Anonym, deutsch, 16. Jahrhundert",Wittenberg,1501,2
118523880,"Anonym, 19. Jahrhundert",Marseille,1801,5
118523880,"Anonym, französisch, 19. Jahrhundert",Marseille,1801,1
118523880,"Daumier, Honoré",Marseille,1808,471
118523945,"Anonym, französisch, 17. Jahrhundert",Paris,1601,1
118523945,"David, Jacques Louis",Paris,1748,19
118524291,"Degas, Edgar",Paris,1834,27
118524496,"Delaunay, Robert",Paris,1885,7
118524755,"Derain, André",Chatou,1880,30
11852559X,"Anonym, deutsch, 17. Jahrhundert",Pfullendorf,1601,2
11852559X,"Dietterlin, Wendel",Pfullendorf,1550,11
118526839,"Anonym, französisch, 19. Jahrhundert",Straßburg,1801,1
118526839,Clarlante,Straßburg,1801,1
118526839,"Delduc, Édouard",Straßburg,1864,3
118526839,"Doré, Gustave",Straßburg,1832,67
118526839,"Dumont, Louis-Paul-Pierre",Straßburg,1822,1
11852786X,Anonym,Nürnberg,1471,458
11852786X,Anonym,Nürnberg,1750,1
11852786X,Anonym,Nürnberg,1808,1
11852786X,"Anonym, 16. Jahrhundert",Nürnberg,1501,1
11852786X,"Anonym, deutsch",Nürnberg,1471,1
11852786X,"Anonym, deutsch, 15. Jahrhundert",Nürnberg,1401,5
11852786X,"Anonym, deutsch, 16. Jahrhundert",Nürnberg,1501,36
11852786X,"Anonym, deutsch, 17. Jahrhundert",Nürnberg,1601,3
11852786X,"Anonym, deutsch, 18. Jahrhundert",Nürnberg,1701,4
11852786X,"Anonym, deutsch, 19. Jahrhundert",Nürnberg,1801,12
11852786X,"Anonym, englisch, 18. Jahrhundert",Nürnberg,1701,1
11852786X,"Anonym, englisch, 19. Jahrhundert",Nürnberg,1801,41
11852786X,"Anonym, italienisch",Nürnberg,1471,1
11852786X,"Anonym, italienisch, 16. Jahrhundert",Nürnberg,1501,7
11852786X,"Anonym, niederländisch, 16. Jahrhundert",Nürnberg,1501,2
11852786X,"Anonym, niederländisch, 17. Jahrhundert",Nürnberg,1601,1
11852786X,"Battmann, Joseph",Nürnberg,1801,1
11852786X,"Cesena, Peregrino da",Nürnberg,1480,1
11852786X,"Corner, J.",Nürnberg,1801,1
11852786X,"Dürer, Albrecht",Nürnberg,1471,637
11852786X,"Favart, C. A.",Nürnberg,1471,5
11852786X,"Fink, H. W.",Nürnberg,1801,1
11852786X,"Garnier, Noël",Nürnberg,1470,2
11852786X,"Gläser, Andreas",Nürnberg,1750,1
11852786X,"Klar, Paul Alois",Nürnberg,1820,1
11852786X,"König, Peter",Nürnberg,1551,5
11852786X,"Louis, Johann",Nürnberg,1471,1
11852786X,Meister MTR,Nürnberg,1501,1
11852786X,Monogrammist AF,Nürnberg,1501,1
11852786X,Monogrammist AG,Nürnberg,1501,1
11852786X,Monogrammist AV,Nürnberg,1501,2
11852786X,Monogrammist B,Nürnberg,1501,1
11852786X,Monogrammist BG,Nürnberg,1501,1
11852786X,Monogrammist FT,Nürnberg,1501,1
11852786X,Monogrammist GH,Nürnberg,1501,1
11852786X,Monogrammist HBIS,Nürnberg,1501,1
11852786X,Monogrammist HF,Nürnberg,1495,4
11852786X,Monogrammist HH I,Nürnberg,1501,1
11852786X,Monogrammist HM,Nürnberg,1471,1
11852786X,Monogrammist HN,Nürnberg,1471,1
11852786X,Monogrammist HR,Nürnberg,1501,1
11852786X,Monogrammist HS I,Nürnberg,1485,3
11852786X,Monogrammist HST,Nürnberg,1495,1
11852786X,Monogrammist IS,Nürnberg,1471,1
11852786X,Monogrammist L,Nürnberg,1501,3
11852786X,Monogrammist L.D. (Lorenz Donauer),Nürnberg,1484,1
11852786X,Monogrammist MAL,Nürnberg,1471,3
11852786X,Monogrammist MI,Nürnberg,1551,1
11852786X,Monogrammist MS,Nürnberg,1501,1
11852786X,Monogrammist OZ,Nürnberg,1551,3
11852786X,Monogrammist PT,Nürnberg,1471,2
11852786X,Monogrammist R,Nürnberg,1701,1
11852786X,Monogrammist SMH,Nürnberg,1471,1
11852786X,Monogrammist WC,Nürnberg,1471,2
11852786X,Monogrammist XP,Nürnberg,1481,1
11852786X,"Petrus, S.",Nürnberg,1701,19
11852786X,"Pilizotti, Giacomo",Nürnberg,1806,36
11852786X,"Pothof, Johan",Nürnberg,1501,1
11852786X,"Stempelius, D. G.",Nürnberg,1530,3
11852786X,"Suter, Wilhelm",Nürnberg,1801,1
11852786X,"Valgrisi, Pietro",Nürnberg,1500,27
11852786X,"Vischer d. J., Hans",Nürnberg,1460,1
11852786X,"Weiss, Barthomomäus Ignaz",Nürnberg,1730,1
11852786X,"Wierix II, Antonius",Nürnberg,1555,1
118528386,"Anonym, italienisch, 17. Jahrhundert",Antwerpen,1601,1
118528386,"Anonym, niederländisch",Antwerpen,1599,1
118528386,"Anonym, niederländisch, 17. Jahrhundert",Antwerpen,1601,1
118528386,"Bertinot, Gustave Nicolas",Antwerpen,1822,1
118528386,"Dyck, Anton van",Antwerpen,1599,5
118528386,"Franck, Joseph",Antwerpen,1825,2
118534017,"Flötner, Peter",Thurgau,1485,11
118537822,"Gauguin, Paul",Paris,1848,19
118537903,"Gavarni, Paul",Paris,1804,108
118538675,Anonym,Rouen,1791,3
118538675,"Anonym, 19. Jahrhundert",Rouen,1801,1
118538675,"Anonym, französisch, 19. Jahrhundert",Rouen,1801,2
118538675,"Franquinet, Guillaume Henri",Rouen,1785,1
118538675,Gihaut Frères,Rouen,1815,1
118538675,"Géricault, Théodore",Rouen,1791,60
118538969,"Anonym, deutsch, 18. Jahrhundert",Zürich,1701,2
118540610,Anonym,"Bracht (Brüggen, Kreis Viersen)",1501,1
118540610,Anonym,"Bracht (Brüggen, Kreis Viersen)",1558,9
118540610,"Anonym, italienisch, 17. Jahrhundert","Bracht (Brüggen, Kreis Viersen)",1601,1
118540610,"Anonym, niederländisch, 16. Jahrhundert","Bracht (Brüggen, Kreis Viersen)",1501,2
118540610,"Anonym, niederländisch, 17. Jahrhundert","Bracht (Brüggen, Kreis Viersen)",1601,2
118540610,"Goltzius, Hendrick","Bracht (Brüggen, Kreis Viersen)",1558,206
118540610,"Siceram, Ludovicus","Bracht (Brüggen, Kreis Viersen)",1575,5
118540696,"Goncourt, Jules de",Paris,1830,8
118541064,"Loizelet, Eugène",Fuendetodos,1842,1
11854151X,"Anonym, 19. Jahrhundert",Nancy,1801,1
11854151X,Grandville,Nancy,1803,45
118544306,"Hackert, Jakob Philipp",Prenzlau,1737,2
118545221,"Anonym, deutsch, 19. Jahrhundert",Antwerpen,1801,1
118545221,"Lecouteux, Lionel Aristide",Antwerpen,1847,1
118547658,Anonym,Heemskerk,4985,20
118547658,"Anonym, niederländisch, 16. Jahrhundert",Heemskerk,1501,1
118547658,"Heemskerk, Maarten van",Heemskerk,4985,10
118547658,"Nagel, Pieter",Heemskerk,1564,4
118552805,"Hogarth, William",London,1697,1
118552929,"Anonym, japanisch, 19. Jahrhundert",Edo (Japan),1801,10
118552929,"Katsushika, Hokusai",Edo (Japan),1760,99
118552945,"Anonym, deutsch, 16. Jahrhundert",Augsburg,1501,1
118552945,"Holbein, Hans",Augsburg,1460,1
118552953,"Anonym, deutsch, 16. Jahrhundert",Augsburg,1501,5
118552953,"Holbein, Hans",Augsburg,1497,48
118553070,"Anonym, deutsch, 17. Jahrhundert",Prag; Prag,1601,1
118553070,"Hollar, Wenzel",Prag; Prag,1607,25
118554115,"Anonym, deutsch, 16. Jahrhundert",Feldkirch,1501,1
118554115,"Huber, Wolf",Feldkirch,1485,2
118554654,"Hugo, Victor",Besançon,1802,1
11855560X,Anonym,Montauban,1780,1
11855560X,"Anonym, französisch, 19. Jahrhundert",Montauban,1801,1
11855560X,"Ingres, Jean-Auguste-Dominique",Montauban,1780,7
11855560X,"Morse, Auguste Achille",Montauban,1801,1
11855560X,"Rosotte, Edouard",Montauban,1827,2
118556045,"Isselburg, Peter",Köln,1580,2
11855686X,"Anonym, deutsch, 16. Jahrhundert",Wien,1501,1
11855686X,"Jamnitzer, Wenzel",Wien,1508,1
118558331,"Jordaens, Jacob",Antwerpen,1593,4
118561871,"Khnopff, Fernand","Grembergen, Flandern",1858,2
118562398,"Kirchner, Ernst Ludwig",Aschaffenburg,1880,21
118563289,"Klimt, Gustav",Wien,1862,1
118563335,"Klinger, Max",Leipzig,1857,6
118563890,"Anonym, deutsch, 15. Jahrhundert",Nürnberg,1401,5
118564781,"Kolbe, Carl Wilhelm, der Ältere",Berlin,1757,4
118564943,"Kollwitz, Käthe",Königsberg,1867,4
118567993,"Anonym, deutsch, 16. Jahrhundert",Kulmbach,1501,1
118567993,"Kulmbach, Hans von",Kulmbach,1480,6
118568957,"Lami, Eugène-Louis",Paris,1800,50
11856997X,"Lastman, Pieter Pietersz",Amsterdam,1583,3
1185706860,"Swebach, Edouard",Paris,1800,3
118572695,"Liebermann, Max",Berlin,1847,1
118575511,"Luyken, Jan",Amsterdam,1649,12
118575864,"Macke, August",Meschede,1887,1
11857700X,"Manet, Edouard",Paris,1832,52
11857700X,Moller,Paris,1801,2
11857700X,"Prinaire, A.",Paris,1832,1
11857700X,"Prunaire, Alfred",Paris,1837,1
118577336,"Mantegna, Andrea",Padua,1431,1
118578847,"Matisse, Henri",Le Cateau-Cambrésis,1869,26
118580914,"Menzel, Adolph von",Breslau,1815,1
118581090,"Merian, Matthaeus, der Ältere",Basel,1593,2
118582143,"Anonym, niederländisch, 16. Jahrhundert",Caprese Michelangelo,1501,1
118582143,"Michelangelo, Buonarroti",Caprese Michelangelo,1475,1
11858233X,"Levasseur, Jules Gabriel",Troyes,1823,1
1185823565,"Dufourmantelle, Félix",Amiens,1823,3
118582550,"Millet, Jean-François",Gruchy bei Gréville,1814,46
118582933,"Modersohn-Becker, Paula",Dresden,1876,1
118583514,"Monnier, Henry",Paris,1799,15
118585738,"Munch, Edvard",Løten,1863,2
11858586X,"Collier, Arthur",Sevilla,1818,1
118588753,"Norwid, Cyprian",Laskowo-Głuchy,1821,1
118590421,"Ostade, Adriaen van",Lübeck,1610,4
118590944,"Ovens, Jürgen",Tönning,1623,1
118591886,"Pascin, Jules",Vidin,1885,9
118591924,"Passe, Crispijn van de",Arnemuiden,1564,2
118592904,"Pesne, Antoine",Paris,1683,1
118594206,"Picasso, Pablo",Málaga,1881,62
118594575,"Piranesi, Giovanni Battista",Mogliano Vèneto,1720,1
118594672,"Pissarro, Camille",Charlotte Amalie,1830,32
118595245,"Pocci, Franz, Graf von",München,1807,2
118597256,"Anonym, französisch, 19. Jahrhundert",München,1801,1
118597787,Anonym,Urbino,1470,1
118597787,"Anonym, französisch, 16. Jahrhundert",Urbino,1501,1
118597787,"Dissard, Michel",Urbino,1778,1
118597787,Monogrammist FG,Urbino,1501,1
11859897X,"Reuwich, Erhard",Utrecht,1445,2
11859964X,"Anonym, deutsch, 18. Jahrhundert",Leiden,1701,1
11859964X,"Anonym, niederländisch, 17. Jahrhundert",Leiden,1601,1
11859964X,"Rembrandt, Harmensz van Rijn",Leiden,1606,8
118599712,"Anonym, italienisch, 17. Jahrhundert",Calvenzano,1601,1
118599712,"Delaforge, Ambroise",Calvenzano,1817,1
118599712,"Flipart, Jean-Charles",Calvenzano,1682,2
118599712,"Pecoult, N.",Calvenzano,1601,1
118599755,"Renoir, Auguste",Limoges,1841,22
118601210,"Rippl-Rónai, József",Kaposvár,1861,17
118603434,"Greux, Gustave Marie",Paris,1838,1
118603434,"Marvy, Louis",Paris,1815,1
118603434,"Rousseau, Théodore",Paris,1812,19
11860354X,"Anonym, 18. Jahrhundert",Siegen,1701,1
11860354X,"Dupin, Jean Pierre Julien",Siegen,1577,1
11860354X,"Greux, Gustave Marie",Siegen,1838,1
11860354X,"Rubens, Peter Paul",Siegen,1577,11
118604082,"Ruisdael, Jacob van",Haarlem,1628,9
118604821,"Saftleven, Herman",Rotterdam,1609,13
118610430,Anonym,Colmar,1440,1
118610430,"Anonym, deutsch",Colmar,1440,1
118610430,"Anonym, deutsch, 15. Jahrhundert",Colmar,1401,1
118610430,"Anonym, deutsch, 16. Jahrhundert",Colmar,1501,4
118610430,Monogrammist AG,Colmar,1400,1
118610430,"Schongauer, Martin",Colmar,1440,28
118614762,"Sisley, Alfred",Paris,1839,3
118614940,"Slevogt, Max",Landshut,1868,1
118615300,Anonym,Nürnberg,1514,2
118615300,"Anonym, deutsch, 16. Jahrhundert",Nürnberg,1501,12
118615300,Monogrammist HWG,Nürnberg,1550,1
118615300,"Solis, Virgil",Nürnberg,1514,284
118619543,"Stuck, Franz von",Tettenweis,1863,1
118622625,"Teyssonnières, Pierre",Venedig,1834,1
118622625,"Tiepolo, Giovanni Battista",Venedig,1696,2
118622994,"Danguin, Jean Baptiste",Pieve di Cadore,1823,1
118622994,"Vecellio, Tiziano",Pieve di Cadore,1490,2
11862346X,"Toulouse-Lautrec, Henri de",Albi,1864,129
118625721,"Anonym, japanisch, 18./19. Jahrhundert",Kawagoe,1701,2
118625721,"Kitagawa, Utamaro",Kawagoe,1753,55
118625721,"Shunsen, Katsukawa",Kawagoe,1762,1
118626043,"Vallotton, Félix",Lausanne,1865,57
118626213,"Vasari, Giorgio",Arezzo,1511,1
118626795,"Vianen, Paulus van",Utrecht,1570,3
118627481,"Vogeler, Heinrich",Bremen,1872,3
118628003,"Vuillard, Édouard",Cuiseaux,1868,51
118629433,"Waterloo, Anthonie",Lille,1609,9
118629492,"Anonym, französisch, 19. Jahrhundert",Valenciennes,1801,1
118629492,"Brion, Étienne",Valenciennes,1700,1
118629492,"Watteau, Antoine",Valenciennes,1684,10
118634208,"Wittel, Gaspar van",Amersfoort,1652,2
118636111,"Anonym, deutsch, 15. Jahrhundert",Reutlingen,1401,14
118638831,Domenichino,Bologna,1581,1
118641425,"Anonym, deutsch, 16. Jahrhundert",Brüssel,1501,1
118641484,Parmigianino,Parma,1503,1
118643177,"Anonym, niederländisch, 16. Jahrhundert",Antwerpen,1501,4
118643177,"Vos, Maarten de",Antwerpen,1532,8
118643177,"Wierix II, Antonius",Antwerpen,1555,10
118643177,"Wierix III, Antonius",Antwerpen,1596,1
118643525,"Aachen, Hans von",Köln,1552,2
118643525,"Anonym, deutsch, 16. Jahrhundert",Köln,1501,1
118643525,"Anonym, italienisch, 17. Jahrhundert",Köln,1601,1
118649620,"Anthonisz, Cornelis",Amsterdam,1505,1
118657542,"Bataille, Henry",Nimes,1872,6
118658336,Anonym,Haarlem,1620,1
118658336,"Berchem, Nicolaes",Haarlem,1620,9
118659022,"Blanche, Jacques Émile",Paris,1861,6
118659502,"Anonym, französisch, 19. Jahrhundert",Vercelli,1801,2
118659502,"Boulanger, Louis",Vercelli,1806,50
118659502,"Canon, Jean-Louis",Vercelli,1809,1
118662244,"Anonym, französisch, 18. Jahrhundert",Paris,1701,1
118662244,"Boucher, François",Paris,1703,13
1186647795,"Béranger, Antoine",Paris,1785,1
118665200,"Anonym, deutsch, 16. Jahrhundert",Augsburg,1501,23
118665200,"Burgkmair, Hans",Augsburg,1473,88
118666053,"Del Vaga, Pierino",Florenz,1501,1
118667181,Carmontelle,Paris,1717,1
118669613,"Cochin, Charles Nicolas",Paris,1688,13
118670786,"Cuyp, Aelbert",Dordrecht,1620,2
118670999,"Daniele, da Volterra",Volterra,1509,1
118671057,"Daubigny, Charles François",Paris,1817,96
118671464,"Denis, Maurice",Granville (Departement Manche),1870,47
118671499,"Denon, Vivant",Chalon-sur-Saône,1747,20
118672657,"Dujardin, Karel",Amsterdam,1626,2
118674005,"Anonym, niederländisch, 16. Jahrhundert",Brüssel,1501,6
118674005,"Bruegel, Jan, de Oudere",Brüssel,1568,1
118674013,"Anonym, deutsch, 16. Jahrhundert",Brüssel,1501,1
118674013,"Anonym, niederländisch",Brüssel,1525,1
118674013,"Bruegel, Pieter, de Oudere",Brüssel,1525,1
118674382,"Anonym, niederländisch, 17. Jahrhundert",Oudenaarde,1601,1
118676512,"Cochin, Charles Nicolas",Paris,1715,8
11867692X,"Biot, Gustave",Correggio,1833,1
11867692X,"Rousseaux, Émile",Correggio,1831,1
118679422,"Delsenbach, Johann Adam",Nürnberg,1687,4
118680374,"Doomer, Lambert",Amsterdam,1624,1
11868101X,"Androuet du Cerceau, Jacques",Paris,1515,1
118681125,"Dufy, Raoul",Le Havre,1877,21
118681613,"Edelinck, Gerard",Antwerpen,1640,94
118683055,"Fantin-Latour, Henri",Grenoble,1836,29
118683527,Anonym,Heidelberg,1528,1
118683527,"Feyerabend, Sigmund",Heidelberg,1528,1
118684191,"Forain, Jean Louis",Reims,1852,57
118684191,"Taverne, Pierre-Gustave",Reims,1859,1
118688456,"Eisenhoit, Anton",Warburg,1553,1
118692437,"Fragonard, Jean Honoré",Grasse,1732,12
118693859,"Frommel, Carl Ludwig",Birkenfeld (Enzkreis),1789,1
11869507X,"Giordano, Luca",Neapel,1634,1
118695363,"Gleizes, Albert",Paris,1881,1
11869703X,"Anonym, deutsch, 16. Jahrhundert",Solothurn,1501,1
11869703X,"Anonym, deutsch, 20. Jahrhundert",Solothurn,1901,1
11869703X,"Graf, Urs",Solothurn,1485,122
118697781,"Grimm, Ludwig Emil",Hanau,1790,1
118697846,"Gris, Juan",Madrid,1887,1
118698451,"Anonym, deutsch, 15. Jahrhundert",Markgröningen,1401,51
118703285,"Friesz, Achille-Emile-Othon",Le Havre,1879,7
118703358,"Fromentin, Eugène",La Rochelle,1820,2
118704311,"Heuer, Wilhelm",Hamburg,1813,1
11870642X,"Anonym, deutsch, 16. Jahrhundert",Augsburg,1501,1
11870642X,"Holbein, Ambrosius",Augsburg,1494,9
118709917,"Anonym, deutsch, 16. Jahrhundert",Basel,1501,1
118709917,"Heintz, Joseph",Basel,1564,3
118714937,"Calcar, Jan Stephan von",Kalkar (Kreis Kleve),1499,20
118718789,"Giroux, Charles",Tournus,1861,1
118718789,"Greuze, Jean-Baptiste",Tournus,1725,1
118725378,"Utagawa, Toyokuni III.",Katsuhika (bei Edo),1786,17
118726722,"Laurens, Henri",Paris,1885,3
118729314,Anonym,Leiden,1494,14
118729314,"Anonym, 16. Jahrhundert",Leiden,1501,1
118729314,"Anonym, deutsch, 16. Jahrhundert",Leiden,1501,2
118729314,"Anonym, französisch, 17. Jahrhundert",Leiden,1601,1
118729314,"Anonym, niederländisch, 16. Jahrhundert",Leiden,1501,1
118729314,"Horbeck, Egidius",Leiden,1550,1
118729314,"Leyden, Lucas van",Leiden,1494,145
118730274,"Maillol, Aristide",Banyuls-sur-Mer,1861,46
118733877,"Mignard, Nicolas",Troyes,1606,8
118736973,"Morisot, Berthe",Bourges,1841,9
118737260,"Mucha, Alfons",Ivančice,1860,12
118737554,"Mueller, Otto",Lubawka,1874,15
118738887,"Anonym, französisch, 18. Jahrhundert",Paris,1701,1
118738887,"Oudry, Jean-Baptiste",Paris,1686,6
118741004,Monogrammist PB,Saint-Avertin,1514,2
118743740,"Redon, Odilon",Bordeaux,1840,28
11874836X,"Anonym, deutsch, 16. Jahrhundert",Nürnberg,1501,22
11874836X,"Schäufelein, Hans Leonhard",Nürnberg,1480,118
118749218,"Rauch, Christian Daniel",Bad Arolsen,1777,1
118749625,"Roos, Johann Heinrich",Otterberg,1631,2
118749641,"Chevalier, François-Frederick",Namur,1833,1
118749641,"Rops, Félicien",Namur,1833,315
118750682,"Saenredam, Pieter Jansz",Assendelft,1597,3
118753320,"Anonym, französisch, 19. Jahrhundert",Lausanne,1801,1
118753320,"Steinlen, Théophile-Alexandre",Lausanne,1859,80
118755366,"Anonym, schweizerisch, 16. Jahrhundert",Schaffhausen,1501,2
118755366,Monogrammist von 1557,Schaffhausen,1500,1
118755366,"Stimmer, Tobias",Schaffhausen,1539,84
118757490,"Anonym, deutsch, 19. Jahrhundert",Berlin,1801,1
118768506,"Anonym, französisch, 19. Jahrhundert",Damville,1801,1
118768506,"Villon, Jacques",Damville,1875,2
118770454,"Anonym, niederländisch, 17. Jahrhundert",Den Haag,1601,1
118771175,"Wolgemut, Michael",Nürnberg,1434,84
118774875,"Hooghe, Romeyn de",Amsterdam,1645,4
118778420,"Laer, Pieter van",Laaren bei Haarlem,1582,2
118778595,"Lancret, Nicolas",Paris,1690,1
118779141,Anonym,Paris,1619,1
118779141,"Anonym, französisch, 17. Jahrhundert",Paris,1601,5
118779141,"Flipart, Jean-Charles",Paris,1682,1
118779141,"Le Brun, Charles",Paris,1619,9
118779230,"Legeay, Jean-Laurent",Paris; Rühn,1710,2
118780115,"Liotard, Jean-Étienne",Genf,1702,2
118780115,"Posselwhite, James",Genf,1798,1
118781529,"Mander, Karel van",Meulebeke,1548,2
118782029,"Marot, Daniel",Paris,1661,14
118782037,"Marot, Jean",Paris,1619,4
118782967,"Gervais, Eugène",Lyon,1815,1
118782967,"Le Rat, Paul Edme",Lyon,1849,1
118782967,"Meissonier, Jean Louis Ernest",Lyon,1815,7
118783440,"Meryon, Charles",Paris,1821,34
118783548,"Anonym, niederländisch, 17. Jahrhundert",Leiden,1601,1
118783971,"Mongin, Augustin",Southampton,1843,1
118785648,"Anonym, französisch, 17. Jahrhundert",Reims,1601,1
118785648,"Nanteuil, Robert",Reims,1623,103
118785901X,"Selmersheim, Pierre-Eugène",Paris,1869,1
118786415,"Norblin de La Gourdaine, Jean-Pierre",Misy-sur-Yonne,1745,78
118787675,"Raffaëlli, Jean-François",Paris,1850,10
118787683,"Anonym, französisch, 19. Jahrhundert",Paris,1801,1
118787683,"Bry, Émile",Paris,1804,1
118787683,"Raffet, Denis Auguste Marie",Paris,1804,353
118794078,"Saint-Aubin, Augustin de",Paris,1736,10
118794280,"Beatrizet, Nicolas",Florenz,1515,1
118794396,"Sandrart, Joachim von",Frankfurt am Main,1606,2
118796283,"Sérusier, Paul",Paris,1864,5
11879826X,"Anonym, deutsch, 16. Jahrhundert",Oberursel (Taunus),1501,1
118798545,"Steen, Jan",Leiden,1626,5
118799487,"Anonym, deutsch, 16. Jahrhundert",Padua,1501,2
118799487,"Anonym, niederländisch, 16. Jahrhundert",Padua,1501,1
118803794,"Vallet, Édouard",Genf,1876,2
118804235,"Vernet, Carle",Bordeaux,1758,226
118804243,"Loeillot, Wilhelm",Paris,1827,1
118804243,"Loeillot-Hartwig, Karl",Paris,1798,1
118804243,"Vernet, Horace",Paris,1789,253
118804243,"Weber, Antoine Jean",Paris,1797,1
118810936,"Anonym, deutsch, 16. Jahrhundert",Frankfurt am Main,1501,1
118810936,"Anonym, niederländisch, 17. Jahrhundert",Frankfurt am Main,1601,1
118812092,"Stella, Jacques",Lyon,1596,1
118816640,"Boudin, Eugène",Honfleur,1824,5
118817310,"Albrier, Joseph",Montargis,1791,1
118817310,"Berny, Chevalier E. de",Montargis,1801,1
118817310,Bès,Montargis,1818,1
118817310,"Chatillon, Henri Guillaume",Montargis,1780,3
118817310,"Girodet-Trioson, Anne Louis",Montargis,1767,4
118820117,"Heideloff, Carl Alexander von",Stuttgart,1789,1
11883083X,"Werff, Adriaen van der",Rotterdam-Kralingen,1659,1
118837281,"Sablet, Jacques",Morges,1749,2
118838415,"Anonym, deutsch, 16. Jahrhundert",München,1501,2
118841378,"Anonym, 18. Jahrhundert",Königsberg (Wetzlar),1701,1
118841378,"Lichtenstein, S.",Königsberg (Wetzlar),1801,1
118841378,"Wille, Johann Georg",Königsberg (Wetzlar),1715,143
118843680,"Sichem, Christoffel van",Amsterdam,1546,7
118843761,"Quellinus, Erasmus",Antwerpen,1607,2
118843834,"Guys, Constantin",Vlissingen,1802,10
118846027,Anonym,Lyon,1824,1
118846027,"Puvis de Chavannes, Pierre",Lyon,1824,20
118849549,"Bartolozzi, Francesco",Florenz,1727,1
118849549,"Gerard, S. L.",Florenz,1801,1
118852361,"Boldini, Giovanni",Ferrara,1842,1
118853600,"Caillebotte, Gustave",Paris,1848,4
118858955,Anonym,München,1564,1
118858955,"Mayer, S.",München,1701,1
118858955,Monogrammist HNH,München,1801,1
118858955,"Rottenhammer, Hans",München,1564,4
118862340,"Cottet, Charles",Le Puy,1863,6
118862383,"Cornelisz, Jacob",Oostzaan,1470,6
118862758,"Anonym, französisch, 16. Jahrhundert",Paris,1501,2
1188648454,"Courtois, Pierre-François",Paris,1736,1
118874195,"Coornhert, Dirk Volkertszoon",Amsterdam,1522,124
118878794,"Anonym, französisch, 19. Jahrhundert",Angers,1801,1
118884840,"Giovanni, da Udine",Udine,1487,1
118899937,"Maufra, Maxime",Nantes,1861,5
118900927,"Gandolfi, Gaetano","Matteo della Decima, Provinz Bologna",1734,1
118901885,"Erhard, Johann Christoph",Nürnberg,1795,1
118907832,"Laurent, Andreas",Antwerpen,1700,1
118907832,"Teniers, David",Antwerpen,1610,3
118911112,"Anonym, deutsch, 16. Jahrhundert",Königsberg,1501,2
118913905,"Coypel, Antoine",Paris,1661,9
1189177285,"Prou, Jacques",Troyes; Blois,1621,2
118924648,"Bernard, Emile",Lille,1868,46
118927787,"Bonheur, Rosa",Bordeaux,1822,2
118927787,"Soulange-Teissier, Louis Emmanuel",Bordeaux,1814,1
1189440369,"Chasteau, Guillaume",Orléans,1635,3
118949373,"Mellan, Claude",Abbeville,1598,30
118955179,Monogrammist IF II,Hammelburg,1496,1
118966928,"Benazech, Peter Paul",Avignon,1730,1
118966928,"Bertaud, Marie Rosalie",Avignon,1738,1
118966928,"Vernet, Joseph",Avignon,1714,3
11896710X,"Rode, Bernhard",Berlin,1725,1
118973401,"Poilly, Nicolas de",Abbeville,1626,2
11897341X,"Poilly, François de",Abbeville,1622,9
118975072,"Heim, Henry",Dordrecht,1801,2
118975072,"Rousseaux, Émile",Dordrecht,1831,1
118975072,"Scheffer, Ary",Dordrecht,1795,16
118975722,"Robert, Léopold",Les Eplatures,1794,11
118976435,"Anonym, niederländisch, 16. Jahrhundert",Bergamo,1501,1
118976435,"Thibault, Charles Eugène",Bergamo,1835,1
118978128,"Anonym, italienisch, 17. Jahrhundert",Cento,1601,1
118978128,"Barbieri, Giovanni Francesco",Cento,1591,1
118992740,"Danloux, Henri Pierre",Paris,1753,1
118992740,"Villeneuve, Julien Vallou de",Paris,1795,1
118992767,"Anonym, deutsch, 19. Jahrhundert",Göttingen,1801,1
118992767,"Riepenhausen, Franz",Göttingen,1786,3
118998420,"Le Prince, Jean-Baptiste",Metz,1734,161
119004305,"Mongin, Augustin",Dronrijp,1843,1
119005247,"Bal, Cornelis Joseph",Tournai,1820,1
119006944,"Anonym, französisch, 17. Jahrhundert",Nancy,1601,12
119006944,"Silvestre, Israël",Nancy,1621,280
119014459,"Anonym, deutsch, 17. Jahrhundert",Haarlem,1601,1
119014459,"Cornelisz., Cornelis",Haarlem,1562,3
119021056,"Tissot, James",Nantes,1836,28
119021560,"Humbert de Superville, David Pierre Giottino",Den Haag,1770,1
119032082,"Jouanin, Auguste Adrien",Dittelsheim,1806,1
119052636,"Lairesse, Gérard de",Lüttich,1640,22
119053454,"Besnard, Albert",Paris,1849,7
119053721,"Herr, Michael",Menzingen (Baden),1591,1
119055252,"Vos, Cornelis de",Hulst,1584,1
119075318,"Le Sidaner, Henri",Mauritius,1862,2
119091593,"Chéret, Jules",Paris,1830,40
119091771,"Anonym, französisch, 19. Jahrhundert",Città della Pieve,1801,3
119099950,"Vico, Enea",Parma,1523,1
11910816X,"Dietzsch, Barbara Regina",Nürnberg,1706,7
11912081X,"Galle, Theodoor",Antwerpen,1571,11
119121204,"Anonym, niederländisch, 16. Jahrhundert",Lüttich,1501,1
119121875,"Feure, Georges de",Paris,1868,6
1191371646,"Malécy, Alexis Joseph Louis de",Rouen,1799,1
11914073X,"Burnand, Eugène",Moudon,1850,10
119174200,"Fortuny, Marià","Réus, Katalonien",1838,1
119176637,"Anonym, niederländisch, 16. Jahrhundert",Utrecht,1501,1
119179547,"Neureuther, Eugen Napoleon",München,1806,1
119183471,"Dou, Gerard",Leiden,1613,1
119187841,"Schwabe, Carlos",Altona,1866,1
119209993,"Anonym, französisch, 18. Jahrhundert",Enkhuizen,1701,1
119209993,"Anonym, niederländisch, 17. Jahrhundert",Enkhuizen,1601,1
119209993,"Dupont, Pieter",Enkhuizen,1870,1
119209993,"Potter, Paulus",Enkhuizen,1625,14
11921332X,"Venne, Adriaen Pieterszoon van de",Delft,1589,1
119233096,"Anonym, französisch, 17. Jahrhundert",Brüssel,1601,1
119233096,"Champaigne, Philippe de",Brüssel,1602,1
119233096,"Dupin, Pierre",Brüssel,1690,1
119233096,Rossello,Brüssel,1801,1
119238136,"Marcoussis, Louis",Warschau; Krakau,1883,3
119240114,"Lory, Gabriel",Bern,1784,2
119240874,"Eisen, Charles",Valenciennes,1720,5
119248980,"Bramer, Leonard",Delft,1596,262
119256908,"Anonym, niederländisch, 16. Jahrhundert",Urbino,1501,1
119256908,"Barocci, Federico",Urbino,1535,1
119265931,"Anonym, italienisch, 17. Jahrhundert",Dordrecht,1601,1
119265931,"Hoogstraten, Samuel van",Dordrecht,1627,6
119284936,"Garnier, François",Rom,1800,1
119284936,"Girard, François",Rom,1770,1
119284936,"Gérard, François",Rom,1770,4
119284936,"Weber, Antoine Jean",Rom,1797,1
119286564,"Backhuysen, Ludolf",Emden,1630,5
119290286,"Hallé, Claude Guy",Paris,1652,1
119298880,"Jacque, Charles Emile",Paris,1813,52
119314851,Anonym,Antwerpen,1553,9
119314851,"Wierix, Hieronymus",Antwerpen,1553,56
11931648X,"Wit, Frederick de",Gouda,1630,1
119324695,"Gérôme, Jean Léon",Vesoul,1824,4
119324695,"Mariani, Léon",Vesoul,1824,1
119324695,"Soulange-Teissier, Louis Emmanuel",Vesoul,1814,1
1193274958,"Uyl, Johannes Jansz. den",Amsterdam,1595,1
119334690,"Rugendas, Georg Philipp",Augsburg,1666,1
119340623,"Houel, Jean-Pierre-Laurent",Rouen,1735,2
119357895,Anonym,La Bassée,1761,1
119357895,"Anonym, französisch, 19. Jahrhundert",La Bassée,1801,1
119357895,"Boilly, Louis",La Bassée,1761,7
119369303,"Schwarz, Christoph",München,1548,14
119375702,"Bertinot, Gustave Nicolas",La Rochelle,1822,2
119375702,"Bouguereau, William Adolphe",La Rochelle,1825,1
119375702,"Levasseur, Jules Gabriel",La Rochelle,1823,1
119383330,"Anonym, deutsch, 16. Jahrhundert",Augsburg,1501,1
119383330,"Beck, Leonhard",Augsburg,1480,11
119383330,"Lindt, Alexius",Augsburg,1495,3
119383330,"Seman, Claus",Augsburg,1480,4
119424215,"Bisschop, Jan de",Amsterdam,1628,2
119427435,"Anonym, deutsch, 16. Jahrhundert",Landshut,1501,12
119427435,"Lemberger, Georg",Landshut,1495,144
119441969,Anonym,Duffel,1573,1
119441969,"Hondius, Hendrik",Duffel,1573,7
119456915,"Anonym, französisch, 18. Jahrhundert",Cluny,1701,1
119456915,"Constant, Charles Louis",Cluny,1778,1
119456915,Mendoze,Cluny,1801,1
119456915,"Prud'hon, Pierre-Paul",Cluny,1758,4
119460882,"Baudry, Paul",La Roche-sur-Yon,1828,1
1194881130,"Delaune, Jean",Paris; Paris,1559,1
119493306,"Laboureur, Jean Émile",Nantes,1877,1
119493330,"Mazzola Bedoli, Girolamo",Viadana,1500,1
119498162,"Klengel, Johann Christian",Kesselsdorf,1751,1
119522098,Monogrammist HS IV,Dippoldiswalde,1500,1
119546655,"Siebmacher, Johann",Nürnberg,1561,2
119625261,"Boissard, Robert",Valence (Departement Drôme),1570,22
1196585350,"Sailliar, Louis",Paris,1748,1
1196731454,"Mihes, Julie",Breslau,1786,16
119691027,"Greff, Jeronimus",Frankfurt am Main,1460,7
119784998,"Anonym, deutsch, 16. Jahrhundert",Langendorf (Hammelburg),1501,1
11982230X,Monogrammist CF,Merseburg,1501,1
119863286,"Anonym, deutsch, 16. Jahrhundert",Schaffhausen,1501,3
1199844063,"Velyn, Philippus",Paris,1786,1
120105659,"Küsel, Mathäus",Augsburg,1629,1
120115530,"Rota, Martin",Šibenik,1520,30
1201207134,"Maindron, Ernest",Paris,1838,1
120158736,"Lalaisse, Hippolyte",Nancy,1812,15
120159562,"Le Blon, Michel",Frankfurt am Main,1587,18
1202361420,"Picot, Victor Marie",Monthières,1744,1
120417820,"Hogenberg, Johann",Mecheln,1550,1
120442620,"Keller, Josef",Pfronten,1740,2
1204530270,"Lefort, Henri Emile",Paris,1852,2
1204530394,"Courtry, Charles",Paris,1846,16
120468409,"Dambrun, Jean",Paris,1741,1
120473275,"Haeften, Nicolaas van",Gorinchem,1663,14
120494809,"Corneille, de Lyon",Den Haag,1495,6
120533251,"Schouman, Aert",Dordrecht,1710,1
120564939,Anonym,Zaltbommel,1595,1
120564939,"Vorsterman, Lucas",Zaltbommel,1595,2
120640945,"Velde, Esaias van den",Amsterdam,1587,3
120668327,"Fratrel, Joseph",Epinal,1727,7
120669226,"Boissieu, Jean-Jacques de",Lyon,1736,164
120686899,"Volmar, Joseph Simon",Bern,1796,3
120690020,"Goltz, Julius",Antwerpen,1555,3
120759640,"Meyer, Rudolf",Zürich,1605,1
1207722170,"Grave, Josua de",Amsterdam,1643,2
120773163,Anonym,Nürnberg,1491,2
120773163,"Anonym, deutsch, 16. Jahrhundert",Nürnberg,1501,1
120773163,"Schön, Erhard",Nürnberg,1491,49
120804271,"Ligne, Charles Joseph Emmanuel de",Wien,1759,9
120854236,"Normand, Charles Pierre Joseph",Goyencourt,1765,2
12091008X,"Anonym, niederländisch, 17. Jahrhundert",Alkmaar,1601,1
12091008X,"Anonym, niederländisch, 19. Jahrhundert",Alkmaar,1801,1
12091008X,"Everdingen, Allart van",Alkmaar,1621,4
120956705,"Guérin, Pierre-Narcisse",Paris,1774,5
121094111,Anonym,Antwerpen,1516,2
121094111,"Floris, Frans",Antwerpen,1516,9
121121259,"Brascassat, Jacques-Raymond",Bordeaux,1804,13
121136574,"Greuter, Matthäus",Straßburg,1564,2
121136574,"Göttich, M.",Straßburg,1551,1
121286673,"Anonym, französisch, 18. Jahrhundert",Paris,1701,2
121286673,"Gravelot, Hubert François",Paris,1699,2
121286673,"Massard, Jean",Paris,1740,1
121447510,"Lemud, François Joseph Aimé George de",Thionville,1816,2
121463486,"Muller, Jan",Amsterdam,1571,29
121465691,"Chateau, Nicolas",Carrara,1680,1
121539628,"Brennhäuser, Andreas Wolfgang",Nürnberg,1819,1
121629023,"Chahine, Edgar",Wien,1874,13
121636321,"Mauzaisse, Jean Baptiste",Corbeil-Essonnes,1784,3
121652394,"Gérard, Marguerite",Grasse,1761,1
12166404X,"Faithorne, William",London,1616,2
121745783,"Moreelse, Paulus",Utrecht,1571,1
121751627,"Anonym, niederländisch, 17. Jahrhundert",Haarlem,1601,3
121751627,"Matham, Theodor",Haarlem,1605,11
121758745,"Hogenberg, Nikolaus",München,1500,1
121798240,"Kubín, Otakar",Boskowitz,1883,1
121814653,"Revel, Alfred",Paris,1725,1
1218239115,"Lochon, Pierre",Paris,1651,1
1219397350,"Thornley, William",Thiais,1857,2
121978788,"Anonym, niederländisch, 16. Jahrhundert",Brüssel,1501,1
121978788,"Sadeler, Jan",Brüssel,1550,13
122011449,"Boullogne, Louis de",Paris,1609,4
122011600,"Grüner, Vincenz Raimund",Prag; Wien,1771,1
12201894X,"Anonym, deutsch, 16. Jahrhundert",Nürnberg,1501,1
122025091,"Wtewael, Joachim",Utrecht,1566,1
122038754,Monogrammist L,Paris,1561,1
122038924,"Strij, Jacob van",Dordrecht,1756,1
122071085,"Molijn, Pieter",London,1595,2
12207114X,"François, Jean-Charles",Nancy,1717,8
122072766,"Necker, Jobst de",Antwerpen,1485,1
122076419,"Thomassin, Simon",Paris,1654,4
1220867780,"Allongé, Auguste",Paris,1833,61
122094204,"Anonym, niederländisch, 16. Jahrhundert",Antwerpen,1501,9
122094204,"Anonym, niederländisch, 17. Jahrhundert",Antwerpen,1601,19
122094204,"Gheyn, Jacques de II.",Antwerpen,1565,25
122094220,"Gheyn, Jacob de III.",Leiden,1596,2
122105338,"Bastien-Lepage, Jules",Damvillers,1848,4
122131924,"Maes, Nicolaes",Dordrecht,1634,1
122132807,"Kilian, Lucas",Augsburg,1579,8
122150554,"Preißler, Georg Martin",Nürnberg,1700,2
1221685678,"Biais, Maurice",Corbeil-Essonnes,1872,11
122180488,"Moncornet, Baltazar",Brüssel,1598,2
122224655,"Perrier, François",Saint-Jean-de-Losne,1590,3
122268857,"Ravenet, Jean François",Provinz Nizza,1701,1
122268857,"Van Loo, Carle",Provinz Nizza,1705,3
122269950,"Watelet, Claude-Henri",Paris,1718,7
122284682,"Anonym, französisch, 19. Jahrhundert",Angers,1801,1
122284682,"Astruc, Zacharie",Angers,1835,2
122312910,"Anonym, niederländisch, 16. Jahrhundert",Leiden,1501,1
122325095,"Dutertre, André",Paris,1753,1
122328922,"Franck, Hans Ulrich",Kaufbeuren,1590,1
122374282,"Dente, Marco",Ravenna,1493,2
122384040,"Vellert, Dirk Jakobsz.",Amsterdam,1480,19
1223993620,"Bouckhorst, Jan Philipsz. van",Haarlem,1588,1
122514521,"Philipon, Charles",Lyon,1800,2
122520416,"Wit, Jacob de",Amsterdam,1695,17
122521250,Anonym,Blois,1661,1
122521307,"Chauveau, François",Paris,1613,3
122568389,"Dupré, Jules",Nantes,1811,2
122623282,"Wijnants, Jan",Haarlem,1631,6
122660978,"Audran, Charles",Paris,1594,4
12270911X,"Schwarz, Hans",Augsburg,1492,1
122718011,"Bottschild, Samuel",Sangerhausen,1641,1
122731913,"Weiner, Peter",Breslau,,2
122748255,"Tintoretto, Domenico",Venedig,1560,1
122748379,"Swart, Jan",Groningen,1500,3
122775279,"Heintz, Joseph",Augsburg,1600,2
122802101,Anonym,Neisse,1520,2
122802101,"Jenichen, Balthasar",Neisse,1520,29
122805291,"Châtillon, Louis de",Sainte-Menehould,1639,10
122813502,"Appian, Adolphe",Lyon,1818,3
122818539,"Delaunay, Nicolas",Paris,1739,4
122823583,"Anonym, niederländisch, 16. Jahrhundert",Antwerpen,1501,2
122823583,"Cock, Hieronymus",Antwerpen,1518,7
122828011,"Baudet, Etienne",Vineuil (Loir-et-Cher),1638,3
122834720,"Leonard, Johann Friedrich",Dünkirchen,1633,4
122836510,"Rauch, Ernst",Darmstadt,1797,5
122837606,"Strauch, Lorenz",Nürnberg,1554,5
122837916,"König, Johann",Nürnberg,1586,1
122905040,"Anonym, französisch, 19. Jahrhundert",Paris,1801,2
122905040,"Bour, Charles",Paris,1814,1
122905040,"Decamps, Alexandre-Gabriel",Paris,1803,144
122905040,Delansac,Paris,1801,1
122905040,"Lehnert, Pierre Frédéric",Paris,1811,1
122905040,"Marvy, Louis",Paris,1815,10
122905040,"Soulange-Teissier, Louis Emmanuel",Paris,1814,2
1229379959,"Toussaint, Henri",Paris,1849,1
122949722,"Kieser, Eberhard",Kastellaun,1583,3
122950038,"Ringel d'Illzach, Désiré",Illzach,1847,8
122988434,"Dugourc, Jean Démosthène",Versailles,1749,1
123017416,"Vinkeles, Reinier",Amsterdam,1741,3
123018455,"Bolswert, Schelte",Bolsward,1586,2
123060532,"Boutet de Monvel, Bernard",Paris,1881,3
123076455,"Anonym, deutsch, 16. Jahrhundert",Mailand,1501,1
123076455,"Delaune, Étienne",Mailand,1518,72
123078954,"Chrétien, Gilles-Louis",Versailles,1754,3
123083052,"Cathelin, Louis Jacques",Paris,1739,4
123083109,"Cars, Laurent",Lyon,1699,5
123097568,"Demarteau, Gilles",Lüttich,1722,48
123097916,"Anonym, französisch, 18. Jahrhundert",Abbeville (Somme),1701,1
123097916,"Daullé, Jean",Abbeville (Somme),1703,7
123098556,"Desmaisons, Emilien",Paris,1812,2
123098637,"Desmadryl, Narcisse-Edmond-Joseph",Lille,1801,3
1231261501,"Bloemen, Pieter van",Antwerpen,1657,3
123149231,"Henriet, Frédéric",Château-Thierry,1826,1
1231506784,"Du Gardier, Raoul",Wiesbaden,1871,1
123168821,"Dupuis, Nicolas Gabriel",Paris,1698,4
123190142,"Vaillant, Wallerant",Lille,1623,2
123249244,"Drevet, Claude",Loire-sur-Rhône,1697,6
123260108,"De Launay, Robert",Paris,1749,2
123301319,"Drevet, Pierre",Loire-sur-Rhône,1663,36
123301351,"Drevet, Pierre-Imbert",Paris,1697,11
123315468,"Brisset, Jean-Pierre",La Sauvagere (Orne),1837,12
123330688,"Andreani, Andrea",Mantua,1541,2
123330688,Anonym,Mantua,1541,1
123338581,"Ficquet, Etienne",Paris,1719,2
1233496263,"Robert, Paul Ponce Antoine",Sery-en-Porcien,1686,3
123352886,"Deshays, Jean Baptiste",Colleville,1729,1
123354471,"Gaucher, Charles-Etienne",Paris,1741,1
123379636,"Picart, Bernard",Paris,1673,231
123380103,"Flinck, Govaert",Kleve (Kreis Kleve),1615,6
123380103,"Le Sueur, J. B.",Kleve (Kreis Kleve),1701,1
123414245,"Meurs, Jacob van",Arnheim,1619,1
123416566,"Müller, Alfredo",Livorno,1869,1
123429145,"Falck, Jeremiasz",Danzig,1609,1
123520002,"Grasset, Eugène",Lausanne,1845,4
12353495X,"Hoff, Carl",Frankfurt am Main,1807,2
12357353X,"Troyon, Constant",Sèvres,1810,3
1236830741,"Schuhmann, Theodor",Bad Tölz,1812,1
123809517,"Lagrenée, Louis-Jean-François",Paris,1725,1
123825547,"Cochin, Nicolas",Troyes,1610,5
1238812511,"Midy, Adolphe",Frankreich,1797,1
123909546,"Peeters, Gillis",Antwerpen,1612,1
123930901,"Giraud, Pierre Francois Eugène",Paris,1806,1
123951321,"Copia, Jacques Louis",Landau in der Pfalz,1764,2
123960312,"Robert, Aurèle",Les Eplatures,1805,3
123983150,"Knorr, Georg Wolfgang",Nürnberg,1705,1
123988837,"Jacob, Nicolas Henri",Paris,1781,2
124017274,"Lefebvre, Claude",Fontainebleau,1632,1
124017304,"Lecler, Auguste Toussaint",Paris,1788,1
124042627,"Le Bas, Jacques-Philippe",Paris,1707,86
124165044,"Hutin, Charles",Paris,1715,30
124235441,Anonym,Nürnberg,1498,1
124235441,"Anonym, deutsch, 16. Jahrhundert",Nürnberg,1501,1
124235441,"Zündt, Matthias",Nürnberg,1498,11
124290817,"Aubry, Abraham",Oppenheim,1601,1
124298516,"Carabin, Rupert",Zabern,1862,1
124305539,"Trouvain, Antoine",Montdidier,1656,2
124318940,"Lombart, Pierre",Paris,1612,16
124331394,"Bergh, Matthys van den",Mecheln,1615,1
124331394,"Borcht, Petrus van der",Mecheln,1545,4
124331394,"Londerseel, Assuerus van",Mecheln,1572,1
124344739,"Masson, Antoine",Loury,1636,16
124368891,"Morin, Jean",Paris,1605,35
12441446X,"Petit, Gilles Edme",Paris,1694,4
124421407,"Anonym, deutsch, 19. Jahrhundert",Homburg (Saarpfalz-Kreis),1801,1
124421407,"Piloty, Ferdinand",Homburg (Saarpfalz-Kreis),1786,6
12443245X,"Pitau, Nicolas",Antwerpen,1632,4
124455298,"Quenedey, Edmé",Riceys-le-Haut (Aube),1756,1
124493238,"Anonym, niederländisch, 16. Jahrhundert",Wallerstein,1501,1
124538142,"Boutet de Monvel, Louis-Maurice",Orléans,1851,1
1245391577,"Aubry-Lecomte, Jean-Baptiste",Nizza,1797,5
124556981,"Anonym, französisch, 19. Jahrhundert",Wien,1801,1
12458229X,"Anonym, französisch",London,1803,1
1245885642,"Monginot, Charles",Brienne-le-Château,1825,1
1246010364,"Santvoort, Pieter Dircksz.",Amsterdam,1603,3
124692133,"Anonym, niederländisch, 17. Jahrhundert",Ypern,1601,1
1246938111,"Gael, Barend",Haarlem,1635,2
124712142,"Cicéri, Eugène",Paris,1813,1
124712142,"Soulange-Teissier, Louis Emmanuel",Paris,1814,1
124712665,"Rouargue, Adolphe",Paris,1810,1
12476116X,"Chedel, Pierre Quentin",Châlons-en-Champagne,1705,2
124789102,"Chapuy, Nicolas-Marie-Joseph",Paris,1790,1
124794580,"Marcolini, Francesco",Forlì,1500,2
124865070,"Schagen, Gerrit van",Amsterdam,1642,19
124875130,"Anonym, deutsch, 16. Jahrhundert",Basel,1501,53
124915744,"Weenix, Jan Baptist",Amsterdam,1621,2
124986269,"Boullogne, Louis de",Paris,1654,4
125010133,"Ibels, Henri-Gabriel",Paris,1867,35
125010141,"Renouard, Paul",Cour Cheverny,1845,69
1254523553,"Hildibrand, Henri Théophile",Paris,1824,2
125605559X,"Potter, Louis","Troy, NY",1873,2
1256894966,"Somer, Jan van",Amsterdam,1645,3
1256965294,"Allegrain, Gabriel",Paris,1679,1
1259382575,"Verheyden, Matteus",Breda,1700,2
1263066577,"Anonym, deutsch, 16. Jahrhundert",Nimwegen,1501,6
1263066577,"Anonym, niederländisch, 16. Jahrhundert",Nimwegen,1501,1
1265701008,"Gaucherel, Léon",Paris,1816,3
126901503,"Walther, Thüring",Bern,1546,1
1275246540,"Aken, Jan van",Amsterdam,1614,1
1275762034,"Loutrel, Victor Jean Baptiste",Kortrijk,1821,1
127867686,"Doudelet, Charles",Lille,1861,2
1284138232,"Andriessen, Anthony",Amsterdam,1764,2
128418087,"Eichler, Gottfried",Augsburg,1715,2
128576847,"Collaert, Adriaen",Antwerpen,1560,56
128598360,"Anonym, niederländisch, 16. Jahrhundert",Brabant <Provinz>,1501,1
128600691,"Krafft, Johann",Usingen,1510,2
128653965,"Selb, Josef Anton","Stockach (Lechtal, Tirol)",1784,1
128665904,"Choffard, Pierre-Philippe",Paris,1730,5
128685417,"Romanet, Antoine Louis",Paris,1748,2
128735325,"Balten, Pieter",Antwerpen,1525,2
128735430,"Beger, Lorenz",Heidelberg,1663,1
128786442,"Bacler d'Albe, Louis Albert Ghislain",Saint-Pol-sur-Ternoise,1761,3
128867574,"Campagnola, Giulio",Padua,1482,1
128868929,"Helst, Bartholomeus van der",Haarlem,1613,1
128914696,"Coquin, Louis",Troyes,1627,1
1289650411,Misti,Paris,1865,3
1290651361,"Léveillé, Auguste-Hilaire",Joué-du-Bois,1840,1
1290790019,"Loutherbourg, Philippe Jacques de",Basel,1698,4
129085154,"Anonym, deutsch, 16. Jahrhundert",Forchheim (Oberfr.),1501,3
129100323,"Bemmel, Johann Christoph von",Nürnberg,1717,1
129100692,"Beham, Georg",München,1568,3
129112348,"Guttenberg, Carl",Wöhrd,1743,2
129112364,"Guttenberg, Heinrich",Nürnberg,1749,2
129113638,"Hering, Jakob",Nürnberg,1698,1
129144355,"Mitreuter, Heinrich Ditlev",Riga,1817,1
129144355,"Timm, Vasilij F.",Riga,1820,2
129185795,"Meyer, Dietrich",Eglisau,1572,7
129249025,"Schlemmer, Leonhard",Hammer (Nürnberg),1772,1
1292513632,"Jacquet, Jules",Paris,1841,1
129251798,"Setletzky, Balthasar Sigmund",Augsburg,1695,24
129252239,"Solis, Nikolaus",Nürnberg,1541,12
129269980,"Weiner, Hans",Weilheim i. OB.,1575,3
129270822,"Winter, Johann Georg",Groningen,1707,2
129287083,"Meyering, Albert",Reilkirch an der Mosel,1645,2
129308838,"Anonym, französisch, 17. Jahrhundert",Paris,1601,1
129308838,"Verdier, François",Paris,1651,8
12945446X,"Fischer, Johannes",Augsburg,1580,1
129520136,Anonym,Lüttich,1510,1
129520136,"Zutman, Lambert",Lüttich,1510,19
12964658X,"Collaert, Hans",Brüssel,1530,21
129704083,"Knüpfer, Nicolaus",Leipzig,1603,1
129728888,"Née, François Denis",Paris,1732,3
129923058X,"Taurel, André Benoît Barreau",Paris,1794,1
129974285,"Johannot, Alfred",Offenbach am Main,1800,11
130026034,"Ullrich, Heinrich",Nürnberg,1567,5
130051969,"Dorigny, Nicolas",Paris,1652,6
130052019,"Farjat, Benoît",Lyon,1646,2
130104256,"Blanchard, Auguste Jean Baptiste Marie",Paris,1792,4
130104280,"Blanchard, Auguste Thomas Marie",Paris,1819,6
130125229,"Caron, Adolphe Alexandre Joseph",Lille,1797,1
130149551,"Schuler, Charles Louis",Straßburg,1785,1
130150495,"Anonym, französisch, 19. Jahrhundert",Bordeaux,1801,1
130150495,"Diaz de la Peña, Narcisse Virgile",Bordeaux,1807,17
130150495,"Fischer, Gottlob",Bordeaux,1829,1
130150495,"Loutrel, Victor Jean Baptiste",Bordeaux,1821,1
130150495,"Marvy, Louis",Bordeaux,1815,1
130227277,"Leroux, Jean Marie",Paris,1788,7
130268917,"Longueil, Joseph de",Givet,1730,2
130268976,"Aliamet, Jacques",Abbeville,1726,8
130340766,"Martini, Pietro Antonio",Trecasali,1739,5
130340936,Anonym,Bologna,1493,1
130367257,"Woensam, Anton",Worms,1500,81
130493562,"Küstner, Gottfried",Freudenstadt,1800,2
130549495,"Wölfle, Johann",Weinstadt-Endersbach,1807,2
13134126X,"Philippoteaux, Félix Emmanuel Henri",Paris,1815,1
1313635820,"Horthemels, Frédéric",Paris,1688,1
131445049,"Jossot, Gustave Henri",Dijon,1866,1
131737805,"Baquoy, Jean Charles",Paris,1721,2
132067773,"Delignon, Jean-Louis",Paris,1755,2
132160331,"Dupré, Louis",Versailles,1789,2
132175614,"Rassenfosse, Armand",Lüttich,1862,1
132186470,"Tissandier, Albert",Anglure,1839,1
132238756,"Gandara, Antonio de la",Paris,1861,5
132248832,"Deis, Carl August",Stuttgart,1810,38
132302063,"Schultes, Hans","Ostheim (Hofheim, Unterfranken)",1542,1
13233612X,"Pothoven, Hendrik",Amsterdam,1725,2
132345692,"Rademaker, Abraham",Lisse,1675,5
132368501,"Goyrand, Claude",Sens,1615,6
132382822,"Legros, Sauveur",Versailles,1754,3
132399660,"Le Veau, Jean Jacques André",Rouen,1729,5
132402416,"Sarrabat, Isaac",Les Andelys,1667,1
132442876,"Bray, Dirck de",Haarlem,1635,1
132514125,"Berthault, Pierre-Gabriel",Saint-Maur,1737,1
13251530X,"Michel, Jean-Baptiste",Paris,1748,2
132516012,"Queverdo, François Marie Isidore",Josselin (Frankreich),1748,5
132603837,Monogrammist HE,Lippstadt,1501,4
13265041X,"Shiba, Kōkan",Edo,1738,1
132657929,"Andreae, Nicolaus",Flensburg,1550,1
132708906,"Mercier, Philippe",Berlin,1689,1
132725150,"Milatz, Franciscus Andreas",Haarlem,1763,2
132726920,"Noorde, Cornelis van",Haarlem,1731,3
132757982,"Rossmäßler, Johann Adolf",Leipzig,1770,1
132761262,"Sotain, Noël-Eugène",Paris,1816,1
13281837X,"Ravenet, Simon François",Paris,1721,4
132828081,"Ruijscher, Jan",Franeker (Friesland),1625,2
132862573,"Wael, Cornelis de",Antwerpen,1592,1
133031411,"Perelle, Adam",Paris,1638,2
133085244,"Schallhas, Carl Philipp",Preßburg,1767,1
133120651,"De Vadder, Lodewyk",Brüssel,1605,5
13315789X,"Desrais, Claude-Louis",Paris,1746,1
133158810,"Le Beau, Pierre Adrien",Paris,1744,1
133160785,"Voyez, Nicolas Joseph",Abbeville,1742,3
133161463,"Janet, François",Paris,1785,1
133241505,"Boily, Charles-Ange",Paris,1738,1
133278573,"Duvivier, Jean",Lüttich,1687,5
133311406,"Riffaut, Adolphe Pierre",Paris,1821,1
133312127,"Baron, Henri-Charles-Antoine",Besançon,1816,19
133312399,"Brugnot, Louis Joseph","Xivray Marvoisin, Meuse",1814,1
133482715,"Dietzsch, Georg Friedrich",Nürnberg,1717,1
133485285,"Anonym, niederländisch, 16. Jahrhundert",Hamburg,1501,1
133811506,"Colibert, Nicolas",Paris,1750,1
133901254,"Kaler, Johann",Nürnberg,1564,2
133912949,"Bigot, Georges",Paris,1860,1
133944093,"Beaume, Joseph",Marseille,1796,2
134105230,"Thibaut, Willem Willemsz.",Haarlem,1524,3
13420011X,"Delvaux, Remi-Henri-Joseph",Lille,1748,1
134211987,"Anonym, niederländisch, 16. Jahrhundert",Pordenone,1501,1
134277406,"Bouchard, J.",Viarmes,1701,1
134289838,"Kick, Simon",Delft,1603,1
135596173,"Buchner, Georg Paul",Velden,1785,1
135788005,"Duvaux, Jules-Antoine",Paris,1818,1
135852544,"Fessard, Etienne",Paris,1714,2
135878837,"Mauperché, Henri",Paris,1602,31
135892295,"Victors, Jan",Amsterdam,1619,2
13592457X,"Eybl, Franz",Wien,1806,1
135959292,"Anonym, französisch, 19. Jahrhundert",Paris,1801,1
135959810,"Hubert, François",Abbeville,1744,1
136000223,"Perelle, Gabriel",Vernon <Eure>,1604,32
136106994,"Fry, William Thomas",London,1789,1
13618832X,Anonym,Nürnberg,1488,1
13618832X,"Krug, Ludwig",Nürnberg,1488,10
136260764,"Corneille, Michel",Paris,1642,3
136271006,Anonym,Antwerpen,1596,19
136271006,"Jegher, Christoffel",Antwerpen,1596,2
136390307,"Lalauze, Adolphe",Rive-de-Gier,1838,1
136429424,"Geringswald, Moritz Ferdinand",Dresden,1825,2
136470076,"Aveline, Pierre Alexandre",Paris,1702,5
136525776,"Féart, Adrien",Sedan,1813,2
136575420,"Mariette, Jean",Paris,1660,2
13661812X,"La Vallée Poussin, Étienne de",Rouen,1735,3
136655343,"Anonym, französisch, 18. Jahrhundert",Paris,1701,2
136973949,"Wagner, Friedrich",Stuttgart,1801,1
13718624X,"Schrotzberg, Franz",Wien,1811,1
137267649,"Lafosse, Adolphe",Paris,1810,1
137449275,"Vaillant, Bernard",Lille,1632,3
137513194,"Sweelink, Gerrit Pietersz.",Amsterdam,1566,4
137539665,"Lépicié, Nicolas-Bernard",Paris,1735,2
137621949,"Forest, Eugène Hippolyte",Straßburg,1808,3
137654944,"Ruotte, Louis Charles",Paris,1754,3
137735545,"Anonym, französisch, 15. Jahrhundert",Koblenz,1401,2
137735545,"Anonym, französisch, 16. Jahrhundert",Koblenz,1501,1
13774885X,"Bein, Jean",Goxweiler,1789,1
137784376,"Tischler, Anton",Wien,1721,1
137847947,"Jeanniot, Georges",Genf,1848,27
138429545,"Schut, Cornelis",Antwerpen,1629,3
13871410X,"Passe, Willem van de",Köln,1598,17
138807159,"Veen, Gisbert van",Leiden,1562,1
138807248,"Feddes, Petrus",Harlingen,1586,8
138854645,"Hondius, Hendrik",Amsterdam,1597,4
138937273,"Peeters, Bonaventura",Antwerpen,1614,1
139010300,"Duflos, Claude","Coucy-le-Château, Aisne",1665,2
139024344,"Cock, Jan Claudius de",Antwerpen,1668,1
139078126,"Verschuring, Hendrik",Gorinchem,1627,2
139081887,"Anonym, niederländisch, 17. Jahrhundert",Haarlem,1601,1
139081887,"Visscher, Cornelius",Haarlem,1629,1
139642374,"Lennep, Jacques",Brüssel,1941,2
139937129,"Dubourg, Louis Fabritius",Amsterdam,1693,2
140022759,"Jazet, Jean Pierre Marie",Paris,1788,2
140034854,"La Touche, Gaston",St.-Cloud,1854,26
140082999,"Boursse, Esaias",Amsterdam,1631,1
140243690,"Dolivar, Juan",Zaragoza,1641,10
140396837,"Roullet, Jean Louis",Arles,1645,6
140873538,"Coulet, Anne Philiberte",Paris,1736,1
140873538,"Lempereur, Louis Simon",Paris,1728,2
141325402,"Millet, Jean François",Antwerpen,1642,4
141325402,Théodore,Antwerpen,1601,29
141857587,"Bellay, François",Lyon,1790,2
141884738,"Van Loo, Amédée",Turin,1719,3
142592110,"Furnerius, Abraham",Rotterdam,1628,1
143130471,"Auriol, George",Beauvais,1863,1
143308726,"Debucourt, Philibert-Louis",Paris,1755,7
143327445,"Holl, William",Essex,1807,1
143449990,"Ghémar, Louis-Joseph",Lannoy,1819,1
143486551,"Lunois, Alexandre",Paris,1863,119
14349662X,"Wael, Lucas de",Antwerpen,1591,1
143515470,"Tortebat, François",Paris,1616,4
143682466,"Henriette, Israel",Nancy,1590,16
143956965,"Bouton, Charles-Marie",Paris,1781,7
154654582,"Scharnagel, Franz Sebastian",Bamberg,1791,1
161106099,"Goeneutte, Norbert",Paris,1854,145
171976770,"Bichebois, Alphonse",Paris,1801,2
172228964,"Lépicié, François Bernard",Paris,1698,6
174184697,"Bidauld, Jean Joseph Xavier",Carpentras,1758,3
174194250,"Charpentier, François-Philippe",Blois,1734,5
174202970,"Echard, Charles",Caen,1748,12
174215118,"Groenewegen, Gerrit",Rotterdam,1754,1
174235224,"Lagrenée, Jean-Jacques",Paris,1739,3
174331592,"Anonym, niederländisch, 17. Jahrhundert",München,1601,1
174349335,Legris,Crouy-sur-Ourg,1801,1
174349335,"Massard, Léopold",Crouy-sur-Ourg,1812,4
188440542,"Focus, Georges",Châteaudun,1644,7
188440801,"Feyen-Perrin, François Nicolas Auguste",Bey-sur-Seille,1826,60
188485546,"Coupin de la Couperie, Marie-Philippe",Sèvres,1773,2
18946318X,"Begeyn, Abraham",Leiden,1637,2
